,User_Name,User_img,User_url,Challange_Name,Programming_Lang,Sol_Code,User_Score,User's_Comments,User_Gender,Comments,Conditions,For,While,do ... while,Func dec,Varibales Dec,Pointers,Comments length,code length,Variables Names,Num_of_Lines,Lines_ave_len,Vars_ave_len,num_of_cases_uses,Num_of_Vars
0,debasisdwivedy,https://s3-us-west-1.amazonaws.com/coderbyteprofiles/debasisdwivedy.jpg,/profile/debasisdwivedy,Min Window Substring,Java,"import java.util.*; 
import java.io.*;

class Main {  
  public static String MinWindowSubstring(String[] strArr) { 
  
    // code goes here   
    /* Note: In Java the return type of a function and the 
       parameter types being passed are defined, so this return 
       call must match the return type of the function.
       You are free to modify the return type. */
    String str1= strArr[0];  
    String str2= strArr[1];
    int len=Integer.MAX_VALUE;
    String res="""";
    char[] ch=str2.toCharArray();
    Arrays.sort(ch);
    for(int i=0;i<str1.length();i++)
    {
         String s=str1.substring(i);
            int k=s.length();
            while(k>=0)
            {
                if(containsAll(s.substring(0,k),ch))
                {
                    if(len>k)
                    {
                        len=k;
                        res=s.substring(0,k);
                        //System.out.println(s);
                    }
                }
                k--;
            }
            
    }
    return res;
    
  }
  
  public static boolean containsAll(String str1,char[] ch2)
  {
      char[] ch1=str1.toCharArray();
      
      Arrays.sort(ch1);
      int i=0;
      int j=0;
      int count=0;
      while(i<ch1.length && j<ch2.length)
      {
          if(ch1[i]==ch2[j])
          {
              count++;
              i++;
              j++;
          }
          else if(ch1[i]<ch2[j])
          {
              i++;
          }
          else
          {
              j++;
          }
      }
      if(count==ch2.length)
      {
          return true;
      }
      else
      {
          return false;
      }
  }
  
  public static void main (String[] args) {  
    // keep this function call here     
    Scanner s = new Scanner(System.in);
    System.out.print(MinWindowSubstring(s.nextLine())); 
  }   
  
}",10,0,1,85,302,62,88,208,231,9,0,145,16,'str1''str2''len''res''s''k''i''j''count',80,22,2,0,9
1,debasisdwivedy,https://s3-us-west-1.amazonaws.com/coderbyteprofiles/debasisdwivedy.jpg,/profile/debasisdwivedy,Tree Constructor,Java,"import java.util.*; 
import java.io.*;

class Main {  
  public static String TreeConstructor(String[] strArr) { 
  
    // code goes here   
    /* Note: In Java the return type of a function and the 
       parameter types being passed are defined, so this return 
       call must match the return type of the function.
       You are free to modify the return type. */
    Map<Integer,Integer> map=new HashMap<>();
    for(int i=0;i<strArr.length;i++)
    {
        String str=strArr[i].substring(1,strArr[i].length()-1);
        StringTokenizer stk=new StringTokenizer(str,"","");
        int child=Integer.parseInt(stk.nextToken());
        int par=Integer.parseInt(stk.nextToken());
        if(map.containsKey(par))
        {
            int count=map.get(par);
            map.put(par,count+1);
        }
        else
        {
            map.put(par,1);
        }
    }
    
    for (Map.Entry<Integer, Integer> entry : map.entrySet()) 
    { 
        //System.out.println(""Key = "" + entry.getKey() + "", Value = "" + entry.getValue()); 
        if(entry.getValue()>2)
        {
            return ""false"";
        }
    }
    return ""true"";
    
  } 
  
  public static void main (String[] args) {  
    // keep this function call here     
    Scanner s = new Scanner(System.in);
    System.out.print(TreeConstructor(s.nextLine())); 
  }   
  
}",9,0,1,51,134,113,0,0,225,4,0,31,100,'str''child''par''count',46,28,4,0,4
2,debasisdwivedy,https://s3-us-west-1.amazonaws.com/coderbyteprofiles/debasisdwivedy.jpg,/profile/debasisdwivedy,Bracket Matcher,Java,"import java.util.*; 
import java.io.*;

class Main {  
  public static int BracketMatcher(String str) { 
  
    // code goes here   
    /* Note: In Java the return type of a function and the 
       parameter types being passed are defined, so this return 
       call must match the return type of the function.
       You are free to modify the return type. */
   int count=0;
    for(int i=0;i<str.length();i++)
    {
        char c=str.charAt(i);
        if(c=='(')
        {
            count++;
        }
        else if(c==')')
        {
            if(count>0)
            {
                count--;
            }
            else
            {
                return 0;
            }
        }
    }
    if(count!=0)
            {
                return 0;
            }
            else
            {
                return 1;
            }
    
  } 
  
  public static void main (String[] args) {  
    // keep this function call here     
    Scanner s = new Scanner(System.in);
    System.out.print(BracketMatcher(s.nextLine())); 
  }   
  
}",10,0,1,51,172,60,0,0,222,2,0,80,33,'count''c',47,21,3,0,2
3,debasisdwivedy,https://s3-us-west-1.amazonaws.com/coderbyteprofiles/debasisdwivedy.jpg,/profile/debasisdwivedy,Longest Word,Java,"import java.util.*; 
import java.io.*;

class Main {  
  public static String LongestWord(String sen) { 
  
    // code goes here   
    /* Note: In Java the return type of a function and the 
       parameter types being passed are defined, so this return 
       call must match the return type of the function.
       You are free to modify the return type. */
    
    int count=0;
    int max_length=Integer.MIN_VALUE;
    String max_word="""";
    String temp_word="""";
    for(int i=0;i<sen.length();i++)
    {
        char c=sen.charAt(i);
        if((c>=65 && c<=90) || (c>=97 && c<=122))
        {
            count++;
            temp_word=temp_word+c;
        }
        else
        {
            if(count>max_length)
            {
                max_length=count;
                max_word=temp_word;
            }
            temp_word="""";
            count=0;
        }
    }
    if(count>max_length)
            {
                max_length=count;
                max_word=temp_word;
            }
    return max_word;
    
  } 
  
  public static void main (String[] args) {  
    // keep this function call here     
    Scanner s = new Scanner(System.in);
    System.out.print(LongestWord(s.nextLine())); 
  }   
  
}",10,-1,1,53,192,60,0,0,213,5,0,84,36,'count''max_length''max_word''temp_word''c',49,23,3,0,8
4,debasisdwivedy,https://s3-us-west-1.amazonaws.com/coderbyteprofiles/debasisdwivedy.jpg,/profile/debasisdwivedy,First Factorial,Java,"import java.util.*; 
import java.io.*;

class Main {  
  public static int FirstFactorial(int num) { 
  
    // code goes here   
    /* Note: In Java the return type of a function and the 
       parameter types being passed are defined, so this return 
       call must match the return type of the function.
       You are free to modify the return type. */
       if(num<=1)
       {
           return 1;
       }
       
    return num * FirstFactorial(num-1);
    
  } 
  
  public static void main (String[] args) {  
    // keep this function call here     
    Scanner s = new Scanner(System.in);
    System.out.print(FirstFactorial(s.nextLine())); 
  }   
  
}",10,0,1,29,54,0,0,0,238,0,0,0,87,,25,25,0,0,0
5,debasisdwivedy,https://s3-us-west-1.amazonaws.com/coderbyteprofiles/debasisdwivedy.jpg,/profile/debasisdwivedy,First Reverse,Java,"import java.util.*; 
import java.io.*;

class Main {  
  public static String FirstReverse(String str) { 
  
    // code goes here   
    /* Note: In Java the return type of a function and the 
       parameter types being passed are defined, so this return 
       call must match the return type of the function.
       You are free to modify the return type. */
       char[] chr_str=str.toCharArray();
       int length=chr_str.length-1;
       for(int i=0;i<chr_str.length/2;i++)
       {
           swap(chr_str,i,length);
           length--;
       }
       
       str=new String(chr_str);
       
    return str;
    
  } 
  
  public static void swap(char[] chr,int x,int y)
  {
      char temp=chr[x];
      chr[x]=chr[y];
      chr[y]=temp;
  }
  
  public static void main (String[] args) {  
    // keep this function call here     
    Scanner s = new Scanner(System.in);
    System.out.print(FirstReverse(s.nextLine())); 
  }   
  
}",10,0,1,41,34,68,0,0,249,2,0,34,71,'length''temp',37,24,5,0,2
6,DeviousBard,https://s3-us-west-1.amazonaws.com/coderbyteprofiles/DeviousBard.jpg,/profile/DeviousBard,Min Window Substring,Java,"import java.util.*; 
import java.io.*;

class Main {  
    public static String MinWindowSubstring(String[] strArr) {
        String[] strLetters = strArr[0].split(""(?<=[a-z])"");
        String[] subLetters = strArr[1].split(""(?<=[a-z])"");
        Arrays.sort(subLetters);
        int minWindowLen = Integer.MAX_VALUE;
        String minWindowStr = """";
        for (int i = 0; i < strLetters.length - subLetters.length + 1; i++) {
            for (int j = i + subLetters.length - 1; j < strLetters.length; j++) {
                String[] testSubWindowLetters = Arrays.copyOfRange(strLetters, i, j + 1);
                String testSubWindow = Arrays.toString(testSubWindowLetters).replaceAll(""[^a-z]"", """");
                Arrays.sort(testSubWindowLetters);
                int k = 0;
                int m = 0;
                int count = 0;
                while (k < testSubWindowLetters.length && m < subLetters.length) {
                    if (testSubWindowLetters[k].charAt(0) == subLetters[m].charAt(0)) {
                        k++;
                        m++;
                        count++;
                    } else if (testSubWindowLetters[k].charAt(0) < subLetters[m].charAt(0)) {
                        k++;
                    } else {
                        m++;
                    }
                }
                if (count == subLetters.length) {
                    if (testSubWindow.length() < minWindowLen) {
                        minWindowLen = testSubWindow.length();
                        minWindowStr = testSubWindow;
                    }
                }
            }
        }
        return minWindowStr;
    }
  
  public static void main (String[] args) {  
    // keep this function call here     
    Scanner s = new Scanner(System.in);
    System.out.print(MinWindowSubstring(s.nextLine())); 
  }   
  
}",10,0,1,1,443,112,58,1304,53,6,0,260,-101,'minWindowLen''minWindowStr''testSubWindow''k''m''count',45,39,7,3,6
7,DeviousBard,https://s3-us-west-1.amazonaws.com/coderbyteprofiles/DeviousBard.jpg,/profile/DeviousBard,Tree Constructor,Java,"import java.util.*; 
import java.io.*;

class Main {  
    public static String TreeConstructor(String[] strArr) {
        Set<String> children = new HashSet<>();
        Map<String, Integer> parents = new HashMap<>();
        // Build a Set containing the child nodes, which will remove duplicates, and a Map of the parent nodes that
        // keeps track of the count of each parent.
        for (String node : strArr) {
            String[] values = node.replaceAll(""[^0-9,]"", """").split("","");
            children.add(values[0]);
            Integer count = parents.get(values[1]);
            // If a parent node has more than two child nodes, the tree is non-binary
            if (count != null && count + 1 > 2) {
                return ""false"";
            } else {
                parents.put(values[1], (count == null ? 1 : ++count));
            }
        }
        // If the size of the children Set, is less than the length of the input array, it means that the same child has
        // more than one parent, which makes the tree non-binary.
        return """" + (children.size() == strArr.length);
    }
  
  public static void main (String[] args) {  
    // keep this function call here     
    Scanner s = new Scanner(System.in);
    System.out.print(TreeConstructor(s.nextLine())); 
  }   
  
}",10,0,1,6,86,23,0,0,90,0,0,80,92,,30,42,0,0,0
8,DeviousBard,https://s3-us-west-1.amazonaws.com/coderbyteprofiles/DeviousBard.jpg,/profile/DeviousBard,Bracket Matcher,Java,"import java.util.*; 
import java.io.*;

class Main {  
    public static String BracketMatcher(String str) {
        Stack<Character> stack = new Stack<>();
        for (char c : str.toCharArray()) {
            if (c == '(') {
                stack.push(c);
            } else if (c == ')') {
                if (stack.size() == 0) {
                    return ""0"";
                }
                stack.pop();
            }
        }
        return (stack.size() == 0 ? ""1"" : ""0"");
    }
  
  public static void main (String[] args) {  
    // keep this function call here     
    Scanner s = new Scanner(System.in);
    System.out.print(BracketMatcher(s.nextLine())); 
  }   
  
}",10,0,1,1,111,29,0,0,76,0,0,62,16,,24,26,0,0,0
9,DeviousBard,https://s3-us-west-1.amazonaws.com/coderbyteprofiles/DeviousBard.jpg,/profile/DeviousBard,Find Intersection,Java,"import java.util.Arrays;
import java.util.TreeSet;
import java.util.*;
import java.io.*;
import static java.util.stream.Collectors.toCollection;


class Main {

  public static String FindIntersection(String[] strArr) {
        TreeSet<Integer> set1 = Arrays.stream(strArr[0].replace("" "", """").split("","")).map(Integer::parseInt).collect(toCollection(TreeSet::new));
        TreeSet<Integer> set2 = Arrays.stream(strArr[1].replace("" "", """").split("","")).map(Integer::parseInt).collect(toCollection(TreeSet::new));
        set1.retainAll(set2);

        return (set1.isEmpty() ? ""false"" : Arrays.toString(new TreeSet<>(set1).toArray()).replace(""]"", """").replace(""["", """").replace("" "", """"));
  }

  public static void main (String[] args) {  
    // keep this function call here     
    Scanner s = new Scanner(System.in);
    System.out.print(FindIntersection(s.nextLine())); 
  }

}",9,0,1,1,124,0,0,0,158,0,0,131,-65,,19,32,0,0,0
10,DeviousBard,https://s3-us-west-1.amazonaws.com/coderbyteprofiles/DeviousBard.jpg,/profile/DeviousBard,Questions Marks,Java,"import java.util.*; 
import java.io.*;
import java.util.regex.Matcher;
import java.util.regex.Pattern;

class Main {  
    public static String QuestionsMarks(String str) {
        String numMarks = str.replaceAll(""[^0-9?]"", """");
        Pattern p = Pattern.compile(""(\\d\\?+\\d)"");
        Matcher m = p.matcher(numMarks);
        boolean matched = false;
        while (m.find()) {
            String match = m.group();
            int a = Integer.parseInt(match.substring(0, 1));
            int b = Integer.parseInt(match.substring(match.length() - 1));
            if (a + b == 10) {
                if (match.length() != 5) {
                    return ""false"";
                } else {
                    matched = true;
                }
            }
        }
        return matched ? ""true"" : ""false"";
    }
  
  public static void main (String[] args) {  
    // keep this function call here     
    Scanner s = new Scanner(System.in);
    System.out.print(QuestionsMarks(s.nextLine())); 
  }   
  
}",10,3,1,1,160,0,16,0,77,5,0,100,3,'numMarks''matched''match''a''b',31,31,4,1,5
11,DeviousBard,https://s3-us-west-1.amazonaws.com/coderbyteprofiles/DeviousBard.jpg,/profile/DeviousBard,Longest Word,Java,"import java.util.*; 
import java.io.*;

class Main {  
    public static String LongestWord(String sen) {
        String[] words = sen.toLowerCase().split(""[^A-Za-z0-9]"");
        int maxIndex = 0;
        for (int i = 1; i < words.length; i++) {
            if (words[i].length() > words[maxIndex].length()) {
                maxIndex = i;
            }
        }
        return words[maxIndex];
    }
  
  public static void main (String[] args) {  
    // keep this function call here     
    Scanner s = new Scanner(System.in);
    System.out.print(LongestWord(s.nextLine())); 
  }   
  
}",10,0,1,1,47,31,0,0,56,1,0,68,-3,'maxIndex',20,27,8,1,1
12,DeviousBard,https://s3-us-west-1.amazonaws.com/coderbyteprofiles/DeviousBard.jpg,/profile/DeviousBard,First Factorial,Java,"import java.util.*; 
import java.io.*;

class Main {
    public static int FirstFactorial(int num) {
        return (num == 1 ? 1 : num * FirstFactorial(num - 1));
    }

    public static void main (String[] args) {
        // keep this function call here
        Scanner s = new Scanner(System.in);
        System.out.print(FirstFactorial(s.nextLine()));
    }
}",10,0,1,1,43,0,0,0,77,0,0,0,47,,11,26,0,0,0
13,DeviousBard,https://s3-us-west-1.amazonaws.com/coderbyteprofiles/DeviousBard.jpg,/profile/DeviousBard,First Reverse,Java,"import java.util.*; 
import java.io.*;

class Main {  
    public static String FirstReverse(String str) {
        return new StringBuilder(str).reverse().toString();
    }
  
  public static void main (String[] args) {  
    // keep this function call here     
    Scanner s = new Scanner(System.in);
    System.out.print(FirstReverse(s.nextLine())); 
  }   
  
}",10,0,1,1,0,0,0,0,83,0,0,0,38,,13,25,0,0,0
14,escapiststupor,https://s3-us-west-1.amazonaws.com/coderbyteprofiles/escapiststupor.jpg,/profile/escapiststupor,Min Window Substring,JavaScript,"function MinWindowSubstring(strArr) {
  const subs = substrings(strArr[0]);

  subs.sort((a, b) => a.length - b.length);

  for (let i = 0; i < subs.length; i++) {
    if (containsAllCharacters(subs[i], strArr[1])) {
      return subs[i];
    }
  }
}

function substrings(string) {
  const subs = [];

  for (let i = 0; i < string.length; i++) {
    for (let j = i; j < string.length; j++) {
      subs.push(string.slice(i, j + 1));
    }
  }

  return subs;
}

function containsAllCharacters(string, other) {
  const array = Array.from(string);

  for (let i = 0; i < other.length; i++) {
    const index = array.indexOf(other[i]);
    if (index !== -1) {
      array.splice(index, 1);
    } else {
      return false;
    }
  }

  return true;
}
   
// keep this function call here 
MinWindowSubstring(readline());",10,0,1,1,72,125,0,132,132,9,0,125,-11,"'const''subs.sort((a,''for''const''for''for''const''for''const'",32,17,3,0,11
15,escapiststupor,https://s3-us-west-1.amazonaws.com/coderbyteprofiles/escapiststupor.jpg,/profile/escapiststupor,Tree Constructor,JavaScript,"function TreeConstructor(strArr) {
  const array = strArr.map(pair => pair.match(/d+/g));
  const nodes = Object.create(null);


  for (let i = 0; i < array.length; i++) {
    const parent = array[i][1];
    const child  = array[i][0];

    /* parent */
    if (!nodes[parent]) {
      nodes[parent] = { parent: null, children: [] };
    }
    if (nodes[parent].children.push(child) > 2) {
      return false;
    }

    /* child */
    if (!nodes[child]) {
      nodes[child] = { parent: null, children: [] };
    }
    if (!nodes[child].parent) {
      nodes[child].parent = parent;
    } else {
      return false;
    }

  }

  /* We check if there's more than one root node */
  let parentless = 0;
  for (var value in nodes) {
    if (!nodes[value].parent) {
      parentless++;
    }
  }

  return parentless === 1;
}
   
// keep this function call here 
TreeConstructor(readline());",10,0,1,43,179,52,0,0,58,10,0,70,51,"'const''const''for''const''const''nodes[parent]''nodes[child]''nodes[child].parent''let', 'parentless'",35,20,5,0,14
16,escapiststupor,https://s3-us-west-1.amazonaws.com/coderbyteprofiles/escapiststupor.jpg,/profile/escapiststupor,Bracket Matcher,JavaScript,"function BracketMatcher(str) { 
  var len = str.length + 1;
  while (str.length < len) {
    len = str.length;
    str = str.replace(/([^()])|(([^()]*))/g, '');
  }
  return str.length === 0 ? 1 : 0;      
}
BracketMatcher(readline());",10,0,1,0,0,0,22,0,28,4,0,25,7,"'var', 'len''len''str'",8,24,3,0,4
17,escapiststupor,https://s3-us-west-1.amazonaws.com/coderbyteprofiles/escapiststupor.jpg,/profile/escapiststupor,Longest Word,JavaScript,"function LongestWord(sen) { 

  // we use the regex match function which searches the string for the
  // pattern and returns an array of strings it finds
  // in our case the pattern we define below returns words with
  // only the characters a through z and 0 through 9, stripping away punctuation
  // e.g. ""hello$% ##all"" becomes [hello, all]
  var arr = sen.match(/[a-z]+/gi);

  // the array sort function takes a function as a parameter
  // which is used to compare each element in the array to the
  // next element in the array
  var sorted = arr.sort(function(a, b) {
    return b.length - a.length;
  });

  // this array now contains all the words in the original
  // string but in order from longest to shortest length
  // so we simply return the first element
  return sorted[0];
         
}
   
// keep this function call here 
LongestWord(readline());",10,5,1,12,50,56,0,0,221,4,0,81,62,"'var', 'arr''var', 'sorted'",21,31,3,0,4
18,escapiststupor,https://s3-us-west-1.amazonaws.com/coderbyteprofiles/escapiststupor.jpg,/profile/escapiststupor,First Factorial,JavaScript,"function FirstFactorial(num) { 
  var ans=1;
  for (var i=1;i<=num;i++){
      ans=i*ans;
  }
  num=ans;
  return num; 
         
}
   
// keep this function call here 
FirstFactorial(readline());",10,0,1,1,0,23,0,0,54,4,0,0,21,"'var', 'ans''ans''num'",11,16,3,0,4
19,escapiststupor,https://s3-us-west-1.amazonaws.com/coderbyteprofiles/escapiststupor.jpg,/profile/escapiststupor,First Reverse,JavaScript,"function FirstReverse(str) { 


    return str.split("""").reverse().join("""");

}
   
// keep this function call here 
FirstReverse(readline());",10,0,1,1,0,0,0,0,52,0,0,0,13,,7,19,0,0,0
20,leot75,https://s3-us-west-1.amazonaws.com/coderbyteprofiles/leot75.jpg,/profile/leot75,Min Window Substring,JavaScript,"function MinWindowSubstring(strArr) { 
  const k = strArr[1];
  const n = strArr[0];
  let windowStart = 0;
  let windowEnd = 0;
  let min = strArr[0].length;
  
  for(let i = 0; i < n.length; i++) {
    for(let j = i + 1; j <= n.length; j++) {
      if(isInside(n.slice(i,j),k)) {
        if(j-i < min) {
          windowStart = i;
          windowEnd = j;
          min = j - i;
          break;
        }          
      }
    } 
  }  
  return n.slice(windowStart,windowEnd); 
}

function isInside(n, k) {    
    regEx = new RegExp(k.split('').sort().join('.*'));
    return regEx.test(n.split('').sort().join(''));
}
MinWindowSubstring(readline());",10,0,0,0,82,114,0,322,57,13,0,100,-20,"'const''const''let', 'windowStart''let', 'windowEnd''let', 'min''for(let''windowStart''windowEnd''min''regEx'",25,23,5,5,14
21,leot75,https://s3-us-west-1.amazonaws.com/coderbyteprofiles/leot75.jpg,/profile/leot75,Tree Constructor,JavaScript,"function TreeConstructor(strArr) { 
  return  isBinary(strArr) && isConnected(strArr);
}

function isBinary(strArr) {
    for(const node of strArr) {
        const regEx = new RegExp(',' + node.split(',')[1].slice(0,-1),'g');
        if(strArr.join('').match(regEx).length > 2) {
            return false;
        }
    }
    return true;
}

function isConnected(strArr) {
  let head = '';
  for(const node of strArr) {
    const secondNumber = node.split(',')[1].slice(0,-1);
    const regEx = new RegExp(secondNumber + ',','g');
    if(!strArr.join('').match(regEx)) {
        if(head === '') {
          head = secondNumber;
        } else {
          if(head !== secondNumber) {
            return false;
          }
        }
    }
  }
  return true;
}

TreeConstructor(readline());",10,0,0,0,240,92,0,0,85,6,0,110,-27,"'const''let', 'head''const''const''head'",30,25,4,0,6
22,leot75,https://s3-us-west-1.amazonaws.com/coderbyteprofiles/leot75.jpg,/profile/leot75,Bracket Matcher,JavaScript,"function BracketMatcher(str) { 
  let lenStr = str.length;
  let arrBrackets = [];
  for(let i = 0; i < lenStr; i++) {
      if(str[i] == ""("") arrBrackets.push(""("");
      if(str[i] == "")"" && arrBrackets.length === 0) return 0; 
      if(str[i] == "")"" && arrBrackets.length > 0) arrBrackets.pop() ;
     
  }
  if(arrBrackets.length === 0) return 1;
  return 0; 
}
BracketMatcher(readline());",10,0,0,0,346,50,0,0,28,5,0,169,-117,"'let', 'lenStr''let', 'arrBrackets''for(let'",12,29,4,2,6
23,leot75,https://s3-us-west-1.amazonaws.com/coderbyteprofiles/leot75.jpg,/profile/leot75,Questions Marks,JavaScript,"function QuestionsMarks(str) { 
  res = false;
  for(let i = 0; i < str.length; i++) {
      for(let j = i+1; j < str.length; j++) {
          if(Number(str[i])+Number(str[j]) === 10) {
            if(str.slice(i+1,j).split('?').length - 1 === 3) {
                res = true;  
                break;
            } else {
                return false;
            }
          }
      }
  }
  return res; 
}
QuestionsMarks(readline());",10,0,0,0,180,120,0,0,28,4,0,68,-17,'res''for(let''for(let''res',16,24,3,0,6
24,leot75,https://s3-us-west-1.amazonaws.com/coderbyteprofiles/leot75.jpg,/profile/leot75,Longest Word,JavaScript,"function LongestWord(sen) { 
   var arr = sen.split("" "");
   var longest = """";
   for(i=0; i<arr.length; i++) {
       arr[i] = arr[i].replace(/[^0-9a-z]/gi, '');
       if(arr[i].length>longest.length) {
           longest = arr[i];
       }
   }
  // code goes here  
  return longest; 
         
}
   
   
   
// keep this function call here 
LongestWord(readline());",10,0,0,2,66,52,0,0,51,7,0,66,-25,"'var', 'arr''var', 'longest''for(i''arr[i]''longest'",17,20,3,0,9
25,leot75,https://s3-us-west-1.amazonaws.com/coderbyteprofiles/leot75.jpg,/profile/leot75,First Factorial,JavaScript,"function FirstFactorial(num) { 
    var total=1;
    for(i=1;i<=num;i++){
        total*=i;
    }
    num = total;
  // code goes here  
  return num; 
         
}
   
// keep this function call here 
FirstFactorial(readline());",10,0,0,2,0,40,0,0,54,4,0,0,25,"'var', 'total''total*''num'",12,17,4,0,4
26,leot75,https://s3-us-west-1.amazonaws.com/coderbyteprofiles/leot75.jpg,/profile/leot75,First Reverse,JavaScript,"function FirstReverse(str) { 
var a = """";
 for(i=str.length;i>=0;i--) {
      a += str.charAt(i);
  }
 str = a;    
  return str; 
         
}
   
// keep this function call here 
FirstReverse(readline());",10,0,0,1,0,54,0,0,52,3,0,27,-1,"'var', 'a''str'",11,17,2,0,3
27,EmperorDuny,https://s3-us-west-1.amazonaws.com/coderbyteprofiles/EmperorDuny.jpg,/profile/EmperorDuny,Min Window Substring,JavaScript,"function isSubStr(obj) {
  const keys = Object.keys(obj);
  for (let i = 0; i < keys.length; i++) {
    if (obj[keys[i]] !== 0) {
      return false;
    }
  }
  return true;
}

function MinWindowSubstring(strArr) { 
  const str1 = strArr[0];
  const str2 = strArr[1];
  const store = {};
  let result = str1;
  
  for (let i = 0; i < str2.length; i++) {
    store[str2[i]] = store[str2[i]] + 1 || 1;
  }
  
  for (let i = 0; i < str1.length; i++) {
    const copy = Object.assign({}, store);
    let testStr = str1[i];
    if (copy[str1[i]] !== undefined && copy[str1[i]] > 0) { copy[str1[i]]--; }
    for (let j = i + 1; j < str1.length; j++) {
      testStr += str1[j];
      if (copy[str1[j]] !== undefined && copy[str1[j]] > 0) { copy[str1[j]]--; }
      if (isSubStr(copy)) {
        if (testStr.length < result.length) {
          result = testStr;
        }
        break;
      }
    }
  }
  return result;
}
   
// keep this function call here 
MinWindowSubstring(readline());",10,0,0,1,201,122,0,132,83,15,0,259,-111,"'const''for''const''const''const''let', 'result''for''store[str2[i]]''for''const''let', 'testStr''for''result'",38,24,4,1,17
28,EmperorDuny,https://s3-us-west-1.amazonaws.com/coderbyteprofiles/EmperorDuny.jpg,/profile/EmperorDuny,Tree Constructor,JavaScript,"function node(val) {
  const obj = {}
  obj.val = val;
  obj.hasParent = false;
  obj.left = null;
  obj.right = null;
  return obj;
}

function TreeConstructor(strArr) {
  // parse strArr;
  strArr = strArr.map(item => {
    item = item.replace(/[() ]+/g, '');
    return item.split(',');
  });
  
  const tree = {};
  
  for (let i = 0; i < strArr.length; i++) {
    // instantiate nodes
    if (tree[strArr[i][0]] === undefined) { tree[strArr[i][0]] = node(strArr[i][0]); }
    if (tree[strArr[i][1]] === undefined) { tree[strArr[i][1]] = node(strArr[i][1]); }

    // quick check to make sure nodes can't have multiple parents
    if (tree[strArr[i][0]].hasParent === true) { return false; }

    // check to see if parent has 2 children already, fill in empty spaces if not
    if (tree[strArr[i][1]].left === null) {
      tree[strArr[i][1]].left = tree[strArr[i][0]];
    } else if (tree[strArr[i][1]].right === null) {
      tree[strArr[i][1]].right = tree[strArr[i][0]];
    } else {
      return false;
    }
    tree[strArr[i][0]].hasParent = true;
  }
  return true;
}
   
// keep this function call here 
TreeConstructor(readline());",10,0,0,5,433,32,0,0,76,12,0,280,-131,'const''obj.val''obj.hasParent''obj.left''obj.right''strArr''item''const''for''tree[strArr[i][1]].left''tree[strArr[i][1]].right''tree[strArr[i][0]].hasParent',37,25,4,6,25
29,EmperorDuny,https://s3-us-west-1.amazonaws.com/coderbyteprofiles/EmperorDuny.jpg,/profile/EmperorDuny,Bracket Matcher,JavaScript,"function BracketMatcher(str) {
  // no brackets edge case
  if (str.indexOf('(') === 0 && str.indexOf(')') === 0) { return 1; }
  
  let numBrackets = 0;
  for (let i = 0; i < str.length; i++) {
    if (str[i] === '(') {
      numBrackets++;
    } else if (str[i] === ')') {
      numBrackets--
      if (numBrackets < 0) {
        return 0;
      }
    }
  }
  
  return numBrackets === 0 ? 1 : 0;
}
   
// keep this function call here 
BracketMatcher(readline());",10,0,0,2,177,29,0,0,54,3,0,154,-80,"'let', 'numBrackets''for'",20,22,5,1,3
30,EmperorDuny,https://s3-us-west-1.amazonaws.com/coderbyteprofiles/EmperorDuny.jpg,/profile/EmperorDuny,Longest Word,JavaScript,"function LongestWord(sen) { 
  return sen.match(/w+/g).reduce((item, next) => item.length >= next.length ? item : next);  
}
   
// keep this function call here 
LongestWord(readline());",10,4,0,1,0,0,0,0,51,0,0,0,22,,5,35,0,0,0
31,EmperorDuny,https://s3-us-west-1.amazonaws.com/coderbyteprofiles/EmperorDuny.jpg,/profile/EmperorDuny,First Factorial,Python,"def FirstFactorial(num): 
    if num == 0:
        return 1
    elif num == 1:
        return 1
    return num * FirstFactorial(num - 1)
    
# keep this function call here  
print FirstFactorial(raw_input())",10,0,0,1,31,0,0,0,23,0,0,9,19,,9,22,0,0,0
32,EmperorDuny,https://s3-us-west-1.amazonaws.com/coderbyteprofiles/EmperorDuny.jpg,/profile/EmperorDuny,First Reverse,Python,"def FirstReverse(str): 
  copy = ''
  for char in str:
    copy = char + copy[:]
  return copy
 
# keep this function call here  
print FirstReverse(raw_input())",10,0,0,1,0,13,0,0,21,2,0,0,24,'copy''copy',7,17,4,0,2
33,cjordanball,https://s3-us-west-1.amazonaws.com/coderbyteprofiles/cjordanball.jpg,/profile/cjordanball,Min Window Substring,JavaScript,"function MinWindowSubstring(strArr) {
	let str = strArr[0];
	let needle = strArr[1].split('');

	//start with the smallest possible substrings, then go up
	for (let i = needle.length, len = str.length; i <= len; i++ ) {
		for (j = 0; j <= len - i; j++) {
			let mySlice = str.substr(j, i);
			if (isContained(mySlice)) {
				return mySlice;
			}
		}
	}
	return 'Not in string';

// ---------------------- helpers -----------------------------
	//isContained checks to see if all the chars in the needle are in the given string
	function isContained(str) {
		let arr = str.split('');
		for (let i = 0, len = needle.length; i < len; i++) {
			let place = arr.findIndex(val => {
				return val === needle[i]
			});
			if (place === -1) {
				return false;
			} else {
				arr.splice(place, 1);
			}
		}
		return true;
	}
}
   
// keep this function call here 
MinWindowSubstring(readline());",10,5,0,4,119,112,0,132,86,11,0,79,59,"'let', 'str''let', 'needle''let', 'mySlice''let', 'arr''for''let', 'place'",32,22,3,1,11
34,cjordanball,https://s3-us-west-1.amazonaws.com/coderbyteprofiles/cjordanball.jpg,/profile/cjordanball,Tree Constructor,JavaScript,"//the following method throws out trees that fail any of three tests: i) is there only one top node, ii) does any node have more
//than 2 children, or iii) are any node values repeated.  If it passes all of these tests, then it should represent a binary tree.

function TreeConstructor(strArr) {
    //remove spaces from input (one of the tests had bad input)
    strArr = strArr.map(val => val.replace(/s/g, ''));

    let regExChildPattern = /((d+),d+)/
    let regExParentPattern = /(d+,(d+))/

    let children = strArr.map(val => regExChildPattern.exec(val)[1]);
    let parents = strArr.map(val => regExParentPattern.exec(val)[1]);

    //check to make sure all children are unique
    let childSet = new Set(children);
    if (children.length !== childSet.size) {
        return false;
    }

    //test whether any parent node has more than 2 children
    let parentObj = {};
    parents.forEach(val => {
        if (!parentObj[val]) {
            parentObj[val] = 1;
        } else {
            parentObj[val]++;
        }
    })
    for (let myKey in parentObj) {
        if (parentObj[myKey] > 2) return false;
    }

    //make certain there is one, and only one, top dog
    let uniqParents = Array.from(new Set(parents))

    let topDogs = uniqParents.filter(val => !children.includes(val));
    if (topDogs.length !== 1) return false;

    return true;

}

   
// keep this function call here 
TreeConstructor(readline());",10,0,0,7,136,47,0,290,58,19,0,0,189,"'strArr''let', 'regExChildPattern''let', 'regExParentPattern''let', 'children''let', 'parents''let', 'childSet''let', 'parentObj''parents.forEach(val''parentObj[val]''let', 'uniqParents''let', 'topDogs'",35,28,6,9,22
35,cjordanball,https://s3-us-west-1.amazonaws.com/coderbyteprofiles/cjordanball.jpg,/profile/cjordanball,Bracket Matcher,JavaScript,"function BracketMatcher(str) {
    var strArray = str.split('');
    var counter = 0;
    for (var i = 0, len = strArray.length; i < len; i++) {
        if (strArray[i] === ""("") {
            counter++;
        }
        else if (strArray[i] === "")"") {
            counter--;
        }
        if (counter < 0) {
            return 0;
        }
    }
    if (counter === 0) {
        return 1;
    }
    return 0;         
}
   
// keep this function call here 
// to see how to enter arguments in JavaScript scroll down
BracketMatcher(readline());",10,0,0,2,130,42,0,96,54,5,0,101,-24,"'var', 'strArray''var', 'counter''for'",22,23,4,1,5
36,cjordanball,https://s3-us-west-1.amazonaws.com/coderbyteprofiles/cjordanball.jpg,/profile/cjordanball,Questions Marks,JavaScript,"function QuestionsMarks(str) {
	let numPlaces = [];
	//presumption of false, until flag is turned true
	let flag = false;

    //get an array of places in string holding integers
	for (let i = 0, len = str.length; i < len; i++) {
		if (/\d/.test(str[i])) {
			numPlaces.push(i);
		}
	}

	let numCount = numPlaces.length;

	for (let i = 0; i < numCount - 1; i++) {
		if (parseInt(str[numPlaces[i]], 10) + parseInt(str[numPlaces[i + 1]], 10) === 10) {
			flag = true;
			let strSeg = str.slice(numPlaces[i], numPlaces[i + 1]);

			strSeg = strSeg.replace(/[^\?]/g, '');
			if (strSeg !== '???') {
				return false;
			}
		}
	}
	return flag;
}
   
// keep this function call here 
QuestionsMarks(readline());",10,0,0,3,114,66,0,0,54,12,0,139,-31,"'let', 'numPlaces''let', 'flag''for''let', 'numCount''for''flag''let', 'strSeg''strSeg'",25,20,4,4,12
37,cjordanball,https://s3-us-west-1.amazonaws.com/coderbyteprofiles/cjordanball.jpg,/profile/cjordanball,Longest Word,JavaScript,"function LongestWord(sen) {
  
  sen = sen.trim();
  sen = sen.replace(/[^a-zA-Zsd]/g, '');
  
  var arr = sen.split(' ');
  
  arr.sort(function(a, b) {return b.length - a.length});
  
  return arr.shift();

  // code goes here  
  return sen; 
         
}
   
// keep this function call here 
// to see how to enter arguments in JavaScript scroll down
LongestWord(readline());",10,1,0,3,18,0,0,96,149,4,0,0,48,"'sen''sen''var', 'arr'",17,19,3,0,4
38,cjordanball,https://s3-us-west-1.amazonaws.com/coderbyteprofiles/cjordanball.jpg,/profile/cjordanball,First Reverse,JavaScript,"package main
import ""fmt""

func FirstReverse(str string) string { 

    resStr := """"
    strLength := len(str)
    for i := 0; i < strLength; i++ {
        index := strLength - (i + 1)
        resStr = resStr + str[index:(index + 1)]
    }
    return resStr
}

func main() {

  // do not modify below here, readline is our function
  // that properly reads in the input for you
  fmt.Println(FirstReverse(readline()))

}",10,-1,0,2,44,59,0,88,44,5,0,24,42,'resStr''strLength''for''index''resStr',16,18,5,3,5
39,JoanneTisch,https://s3-us-west-1.amazonaws.com/coderbyteprofiles/JoanneTisch.jpg,/profile/JoanneTisch,Min Window Substring,Ruby,"def MinWindowSubstring(strArr)
  main, word  = strArr.shift, ''
  max = main.length + 1
  main.chars.each_index {|x|
    (x..main.length-1).each { |y|
       temp = main[x..y]
       strArr[0].chars.each {|z| temp[temp.index(z)] = '' if temp.include?(z)} 
       if main[x..y].length - temp.length == strArr[0].length && main[x..y].length < max
         max = main[x..y].length 
         word = main[x..y]
       end
    }
  }
  return word 
end
   
# keep this function call here    
puts MinWindowSubstring(STDIN.gets)",10,0,1,1,162,0,0,0,29,6,0,137,-80,"'main,''max''temp''strArr[0].chars.each''max''word'",18,27,4,1,8
40,JoanneTisch,https://s3-us-west-1.amazonaws.com/coderbyteprofiles/JoanneTisch.jpg,/profile/JoanneTisch,Tree Constructor,Ruby,"def TreeConstructor(strArr)

  # code goes here
  arr1 = strArr.join(',').gsub('(',"""").gsub(')','').split(',').each_with_index.select {|x,y| y.even?}.map(&:first).map(&:to_i)
  arr2 = strArr.join(',').gsub('(',"""").gsub(')','').split(',').each_with_index.select {|x,y| y.odd?}.map(&:first).map(&:to_i)
  return false if arr1.uniq.length != arr1.length
  arr2.each {|x| return false if arr2.count(x) >=3}
  return true
end
   
# keep this function call here    
puts TreeConstructor(STDIN.gets)",10,1,1,2,85,0,0,0,26,2,0,0,40,'arr1''arr2',11,42,3,0,2
41,JoanneTisch,https://s3-us-west-1.amazonaws.com/coderbyteprofiles/JoanneTisch.jpg,/profile/JoanneTisch,Bracket Matcher,Ruby,"def BracketMatcher(str)
    sum = 0
    str.chars.each {|x| 
    sum += 1 if x =='(' 
    sum -= 1 if x ==')' 
    return 0 if sum<0 }
    return 1 if sum == 0
    return 0
end
   
# keep this function call here    
puts BracketMatcher(STDIN.gets)",10,0,1,1,58,0,0,0,22,1,0,42,-1,'sum',12,19,3,0,1
42,JoanneTisch,https://s3-us-west-1.amazonaws.com/coderbyteprofiles/JoanneTisch.jpg,/profile/JoanneTisch,Questions Marks,Ruby,"def QuestionsMarks(str)

  # code goes here
  arr = str.gsub(/[a-zA-Z]/,"""").scan(/[0-9]\?+[0-9]/).select{|x| x[0].to_i + x[-1].to_i == 10}
  return false if arr.empty? else return arr.all? {|x| x.count(""?"") == 3}
         
end
   
# keep this function call here    
puts QuestionsMarks(STDIN.gets)",10,0,1,2,122,0,0,0,22,0,0,85,-51,,9,30,0,0,0
43,JoanneTisch,https://s3-us-west-1.amazonaws.com/coderbyteprofiles/JoanneTisch.jpg,/profile/JoanneTisch,Longest Word,JavaScript,"function LongestWord(sen) { 

  // code goes here  
  sen = sen.replace(/[^\w\s]/gi,'');
  var arr = sen.split(' ');
  var max = '';
  for (var i = 0; i<arr.length; i++){
      if (arr[i].length > max.length){
          max = arr[i];
      }
  }
  return max; 
         
}
   
// keep this function call here 
LongestWord(readline());",10,0,1,2,29,29,0,0,51,7,0,29,16,"'sen''var', 'arr''var', 'max''for''max'",15,19,3,0,7
44,JoanneTisch,https://s3-us-west-1.amazonaws.com/coderbyteprofiles/JoanneTisch.jpg,/profile/JoanneTisch,First Factorial,JavaScript,"function FirstFactorial(num) { 

  // code goes here  
  var sum = 1;
  for(i=1;i<=num;i++){
     sum = sum*i 
  }
  return sum; 
}
   
// keep this function call here 
FirstFactorial(readline());",10,0,1,2,0,40,0,0,54,3,0,0,26,"'var', 'sum''sum'",10,16,3,0,3
45,JoanneTisch,https://s3-us-west-1.amazonaws.com/coderbyteprofiles/JoanneTisch.jpg,/profile/JoanneTisch,First Reverse,JavaScript,"function FirstReverse(str) { 
  var temp = '';
  for (var i = 0; i<str.length; i++) {
      temp = str[i] + temp;
  }
  // code goes here  
  return temp; 
         
}
   
// keep this function call here 
FirstReverse(readline());",10,2,1,2,0,29,0,0,52,4,0,29,6,"'var', 'temp''for''temp'",11,19,3,0,4
46,stevenli,https://s3-us-west-1.amazonaws.com/coderbyteprofiles/stevenli.jpg,/profile/stevenli,Min Window Substring,Ruby,"def MinWindowSubstring(strArr)
  n = strArr[0]
  k = strArr[1].split("""")
  pos = []
  
  (0...n.length).each do |start_index|
    length = 1 
    while start_index + length <= n.length 
      substring = n.slice(start_index, length)
      copy = substring.dup 
      question = ""not sure""
      k.each do |l|
        if !(copy.include?(l))
          question = ""nope"" 
        elsif copy.include?(l) 
          i = copy.index(l)
          copy[i] = ""1""
        end 
      end 
      pos << substring if question == ""not sure"" #aka didn't change to false so its true now 
      length += 1 
    end 
  end 
  
  pos = pos.sort_by{|s| s.length}
  
  return pos.shift
end 
   
# keep this function call here    
puts MinWindowSubstring(STDIN.gets)",10,0,0,2,127,0,33,0,29,11,0,45,44,'n''k''pos''length''substring''copy''question''question''i''copy[i]''pos',31,23,4,0,12
47,stevenli,https://s3-us-west-1.amazonaws.com/coderbyteprofiles/stevenli.jpg,/profile/stevenli,Tree Constructor,Ruby,"def TreeConstructor(strArr)
  child = []
  parents = []
  strArr.each do |s|
    a = s.scan(/[0-9]+/)
    child << a[0]
    parents << a[1]
  end
  return false if child.uniq.length != child.length 
  parents.each_with_index do |n, i|
    return false if parents.count(n) > 2 
  end 
  return true
end 
   
# keep this function call here    
puts TreeConstructor(STDIN.gets)",10,0,0,1,75,0,0,0,26,3,0,29,20,'child''parents''a',17,21,4,0,3
48,stevenli,https://s3-us-west-1.amazonaws.com/coderbyteprofiles/stevenli.jpg,/profile/stevenli,Bracket Matcher,Ruby,"def BracketMatcher(str)
  brackets = 0 
  
  (0..str.length - 1).each do |i|
    brackets += 1 if /[\(\)]/ === str[i]
  end 
  
  brackets % 2 == 0 ? 1 : 0 
end
   
# keep this function call here    
puts BracketMatcher(STDIN.gets)",10,0,0,1,30,0,0,0,22,1,0,54,-18,'brackets',12,18,8,0,1
49,stevenli,https://s3-us-west-1.amazonaws.com/coderbyteprofiles/stevenli.jpg,/profile/stevenli,Questions Marks,Ruby,"def QuestionsMarks(str)
  subs = []
  str.chars.each_with_index do |c,i|
    if /[0-9]/ === c 
      (i+1...str.length).each do |i2|
        if (str[i2].to_i + c.to_i) == 10 
          subs << str[i..i2]
        end 
      end 
    end 
  end 
  return false if subs.empty?
  subs.each do |s|
    return false if s.split("""").count(""?"") != 3 
  end 
  return true
end
   
# keep this function call here    
puts QuestionsMarks(STDIN.gets)",9,0,0,1,102,0,0,0,22,1,0,40,13,'subs',20,20,4,0,1
50,stevenli,https://s3-us-west-1.amazonaws.com/coderbyteprofiles/stevenli.jpg,/profile/stevenli,Longest Word,Ruby,"def LongestWord(sen)
 characters = sen.split("""")
 
 sentence = characters.map do |c|
    if /[a-zA-Z]/ === c || c == "" ""
      c = c
    else
      c = """"
    end
  end.join("""")

 words = sentence.split("" "")
 longest_word = """"
 (0...words.count).each do |i|
   longest_word = words[i] if words[i].length > longest_word.length
 end
 
 return longest_word
end

   
# keep this function call here    
puts LongestWord(STDIN.gets)",10,0,0,1,85,0,0,0,19,7,0,27,30,'characters''sentence''c''c''words''longest_word''longest_word',19,16,5,0,9
51,stevenli,https://s3-us-west-1.amazonaws.com/coderbyteprofiles/stevenli.jpg,/profile/stevenli,First Factorial,Ruby,"def FirstFactorial(num)
  result = 1
  (1..num).each do |n|
    result = result * n
  end
  return result
end
   
# keep this function call here    
puts FirstFactorial(STDIN.gets)",10,0,0,1,0,0,0,0,22,2,0,0,25,'result''result',10,17,6,0,2
52,stevenli,https://s3-us-west-1.amazonaws.com/coderbyteprofiles/stevenli.jpg,/profile/stevenli,First Reverse,Ruby,"def FirstReverse(str)

  # code goes here
  result = """"
  
  idx = str.length - 1
  
  while idx >= 0
  result = result + str[idx]
  idx -= 1
  end
  
  return result 
         
end
   
# keep this function call here    
puts FirstReverse(STDIN.gets)",10,0,0,2,0,0,11,0,20,3,0,11,27,'result''idx''result',17,12,5,0,3
53,Bohdan,https://s3-us-west-1.amazonaws.com/coderbyteprofiles/Bohdan.jpg,/profile/Bohdan,Min Window Substring,Ruby,"def MinWindowSubstring(strArr)
  result = strArr[0]
  
  word_hash = Hash.new(0)
  strArr[1].chars { |el| word_hash[el] += 1 }
  
  0.upto(strArr[0].length-1).each do |idx1|
    (idx1).upto(strArr[0].length-1).each do |idx2|      
      phrase = strArr[0][idx1..idx2]
      phrase_hash = Hash.new(0)
      phrase.chars { |el| phrase_hash[el] += 1 }
      
      result = phrase if result.length > phrase.length && first_include_second?(phrase_hash, word_hash)      
    end
  end
  result
end


def first_include_second?(hash1, hash2)
  hash2.keys.each do |k2|
    return false if !hash1.has_key?(k2) || hash1[k2] < hash2[k2]
  end
  true
end
   
# keep this function call here    
puts MinWindowSubstring(STDIN.gets)",10,0,0,1,141,0,0,0,66,5,0,171,-98,'result''word_hash''phrase''phrase_hash''result',27,25,5,0,7
54,Bohdan,https://s3-us-west-1.amazonaws.com/coderbyteprofiles/Bohdan.jpg,/profile/Bohdan,Tree Constructor,Ruby,"def TreeConstructor(strArr)
  arr = []
    strArr.each { |pair| arr << pair[1..-2].split("","").map(&:to_i) }  
  child, parent = [], []    
    arr.each do |pair|
      child << pair[0]
      parent << pair[1]
    end
  
    child.each { |el| return false if child.count(el) > 2 }
    parent.each { |el| return false if parent.count(el) > 2 }  
  true
end
   
# keep this function call here    
puts TreeConstructor(STDIN.gets)",10,0,0,1,94,0,0,0,26,2,0,14,43,"'arr''child,'",16,25,4,0,2
55,Bohdan,https://s3-us-west-1.amazonaws.com/coderbyteprofiles/Bohdan.jpg,/profile/Bohdan,Bracket Matcher,Ruby,"def BracketMatcher(str)
ctr = 0
    str.chars do |s| 
       ctr += 1 if s == ""(""
       ctr -= 1 if s == "")""
       return 0 if ctr < 0
    end
    ctr == 0 ? 1 : 0
end
   
# keep this function call here    
puts BracketMatcher(STDIN.gets)",10,0,0,1,42,0,0,0,22,1,0,29,16,'ctr',12,19,3,0,1
56,Bohdan,https://s3-us-west-1.amazonaws.com/coderbyteprofiles/Bohdan.jpg,/profile/Bohdan,Questions Marks,Ruby,"def QuestionsMarks(str)
    indecies = []
    hash_map = {}
    str.each_char.with_index do |char, idx|
        if valid_float?(char)
            indecies << [hash_map[char.to_i], idx] if hash_map[char.to_i]
            hash_map[10 - char.to_i] = idx
        end
    end

    # there aren't any two numbers that add up to 10 in the string
    return false if indecies.empty?

    indecies.each do |arr|
      return false unless str[arr[0]..arr[1]].count(""?"") == 3
    end

    true
end

def valid_float?(char)
    true if Float char rescue false
end
   
# keep this function call here    
puts QuestionsMarks(STDIN.gets)",10,0,0,2,180,0,0,0,43,3,0,125,-51,'indecies''hash_map''hash_map[10',22,21,4,0,5
57,Bohdan,https://s3-us-west-1.amazonaws.com/coderbyteprofiles/Bohdan.jpg,/profile/Bohdan,Longest Word,Ruby,"def LongestWord(sen)
    words = sen.split("" "")
    alphabet = ('a'..'z').to_a
    words.map! { |word| word.chars.map { |char| alphabet.include?(char.downcase) || valid_float?(char) ? char : """" }.join }
    longest = words.first
    words.each { |word| longest = word if word.length > longest.length }
    
    longest
end

def valid_float?(char)
    true if Float char rescue false
end
   
# keep this function call here    
puts LongestWord(STDIN.gets)",10,0,0,1,84,0,0,0,40,4,0,0,57,'words''alphabet''longest''words.each',15,27,5,0,5
58,Bohdan,https://s3-us-west-1.amazonaws.com/coderbyteprofiles/Bohdan.jpg,/profile/Bohdan,First Factorial,Ruby,"def FirstFactorial(num, acc = 1)
    return acc if num <= 1
    FirstFactorial(num - 1, acc * num)
end
   
# keep this function call here    
puts FirstFactorial(STDIN.gets)",10,0,0,1,17,0,0,0,28,1,0,0,26,'def',7,23,3,0,1
59,Bohdan,https://s3-us-west-1.amazonaws.com/coderbyteprofiles/Bohdan.jpg,/profile/Bohdan,First Reverse,Ruby,"def FirstReverse(str)
    result = """"
    idx = str.length - 1
    
    while idx >= 0
        result += str[idx]
        idx -= 1
    end
    result
end
   
# keep this function call here    
puts FirstReverse(STDIN.gets)",10,0,0,1,0,0,11,0,20,2,0,11,20,'result''idx',13,16,4,0,2
60,emuchynski,https://s3-us-west-1.amazonaws.com/coderbyteprofiles/emuchynski.jpg,/profile/emuchynski,Min Window Substring,Ruby,"def CheckStrings(h1, h2)
  h2.keys.each do |i|
    return false if !h1.has_key?(i) or h1[i] < h2[i]
  end
  true
end

def MinWindowSubstring(strArr)

  letters = strArr[0].split('')
  chars = strArr[1].split('')
  ans = letters
  
  hash_table = {}
  
  (0..chars.length-1).each do |i|
    !hash_table.include?(chars[i]) ?
    hash_table[chars[i]] = 1 :
    hash_table[chars[i]] += 1
  end
  
  (0..letters.length-1).each do |i|
    (i..letters.length-1).each do |j|
      substr = letters[i..j]
      substr_hash = {}
      (0..substr.length-1).each do |i|
        !substr_hash.include?(substr[i]) ?
        substr_hash[substr[i]] = 1 :
        substr_hash[substr[i]] += 1
      end
      ans = substr if ans.length > substr.length and CheckStrings(substr_hash, hash_table)
    end
  end
  ans.join('')
end
   
# keep this function call here    
puts MinWindowSubstring(STDIN.gets)",10,0,0,1,116,0,0,0,51,9,0,117,-26,'letters''chars''ans''hash_table''hash_table[chars[i]]''substr''substr_hash''substr_hash[substr[i]]''ans',36,21,4,0,17
61,emuchynski,https://s3-us-west-1.amazonaws.com/coderbyteprofiles/emuchynski.jpg,/profile/emuchynski,Tree Constructor,Ruby,"def TreeConstructor(strArr)
  
  arr = strArr.join(' ').tr(""()"", """").split(' ')
  children, parents = [], []
  
  (0..arr.length-1).each do |i|
    nums = arr[i].split(',')
    children << nums[0]
    parents << nums[1]
  end
  parents.count { |x| return false if parents.count(x) > 2 }
  children.count { |x| return false if children.count(x) > 1 } 
  return true
end
   
# keep this function call here    
puts TreeConstructor(STDIN.gets)",10,0,0,1,100,0,0,0,26,3,0,44,13,"'arr''children,''nums'",17,24,5,0,3
62,emuchynski,https://s3-us-west-1.amazonaws.com/coderbyteprofiles/emuchynski.jpg,/profile/emuchynski,Bracket Matcher,Ruby,"def BracketMatcher(str)

  # code goes here
  count = 0
  str.chars.each do |i|
     if i == '('
        count += 1
     elsif i == ')'
        count -= 1
     end
  end
  return count == 0 ? 1 : 0
         
end
   
# keep this function call here    
puts BracketMatcher(STDIN.gets)",10,-1,0,2,19,0,0,0,22,1,0,25,20,'count',16,15,5,0,1
63,emuchynski,https://s3-us-west-1.amazonaws.com/coderbyteprofiles/emuchynski.jpg,/profile/emuchynski,Longest Word,Ruby,"def LongestWord(sen)

  #1. convert words str into an array of words and select word characters
  #2. loop through words array and select the longest str
  
  words = sen.split(' ').map do |i|
     /[a-zA-Z0-9]+/.match(i) 
  end
  
  longest = words.max_by.each do |i|
     i.to_s.length 
  end
  
  longest
         
end
   
# keep this function call here    
puts LongestWord(STDIN.gets)",10,0,0,3,0,0,0,46,19,2,0,23,27,'words''longest',18,16,6,0,2
64,emuchynski,https://s3-us-west-1.amazonaws.com/coderbyteprofiles/emuchynski.jpg,/profile/emuchynski,First Factorial,Ruby,"def FirstFactorial(num)

  factorial = 1
  (1..num).each do |i|
     factorial *= i 
  end
  
  factorial
         
end
   
# keep this function call here    
puts FirstFactorial(STDIN.gets)",10,0,0,1,0,0,0,0,22,2,0,0,22,'factorial''factorial',12,13,9,0,2
65,emuchynski,https://s3-us-west-1.amazonaws.com/coderbyteprofiles/emuchynski.jpg,/profile/emuchynski,First Reverse,Ruby,"$debug = true

def FirstReverse(str)

  #1. create a string variable to store new string 
  #2. loop through the string 
  #3. add current element to the front of new string
  #4. return the new string
  
  
  new_str = """"
  p 'creating new empty string' if $debug
  
  p 'begin looping' if $debug
  (0..str.length-1).each do |i|
    puts ""tnew string was: "" + new_str if $debug 
    
    new_str = str[i] + new_str
    puts ""ttnew string is now: "" + new_str if $debug
  end
  
  p 'returning new string' if $debug
  new_str
         
end

p 'debugging on' if $debug
   
# keep this function call here    
puts FirstReverse(STDIN.gets)",10,0,0,5,182,0,0,46,20,4,0,27,71,"'$debug', '$debug''new_str''new_str'",27,18,3,0,6
66,zestybmac,https://s3-us-west-1.amazonaws.com/coderbyteprofiles/zestybmac.jpg,/profile/zestybmac,Min Window Substring,JavaScript,"function MinWindowSubstring(strArr){
  var min = null;
  var n = strArr[0];
  var k = strArr[1];
  for (var i = 0; i < n.length; i++) {
    for (var j = i + 1; j <= n.length; j++) {
      var sub = n.slice(i, j);
      if(checkK(sub, k)){
        if (min === null || sub.length < min.length){
          min = sub;
        }
      }
    }
  }
  return min;
}

function checkK(sub, k){
  var h = k.split('');
  for (var i = 0; i < sub.length; i++) {
    var char = sub[i];
    var index = h.indexOf(char);
    if(index > -1){
      h.splice(index, 1);
    }
  }
  if(h.length === 0){
    return true;
  } else {
    return false;
  }
}
   
// keep this function call here 
MinWindowSubstring(readline());",10,0,0,1,146,86,0,132,83,17,0,88,24,"'var', 'min''var', 'n''var', 'k''for''var', 'sub''min''var', 'h''for''var', 'char''var', 'index'",33,20,2,0,17
67,zestybmac,https://s3-us-west-1.amazonaws.com/coderbyteprofiles/zestybmac.jpg,/profile/zestybmac,Bracket Matcher,JavaScript,"function BracketMatcher(str) { 
    var regEx = /[()]/g;
    var brackets = str.match(regEx);
    var count = 0;
    if(!brackets){
        return 1;
    }
    for (var i = 0; i < brackets.length; i++){
        if(brackets[i] === ')'){
            count--;
        } else {
            count++;
        }
        if(count < 0){
            return 0;
        }
    }
    if(count !== 0){
        return 0;
    } else {
        return 1;
    }
}
   
// keep this function call here 
BracketMatcher(readline());",10,0,0,1,148,34,0,0,54,7,0,87,-24,"'var', 'regEx''var', 'brackets''var', 'count''for'",25,19,4,1,7
68,zestybmac,https://s3-us-west-1.amazonaws.com/coderbyteprofiles/zestybmac.jpg,/profile/zestybmac,Questions Marks,JavaScript,"function QuestionsMarks(str) {
    var value = false;
    var arr = str.split('');

    arr = arr.filter(function(char){
        return char === '?' || (Number.isInteger(Number(char)) && char !== ' ');
    });
    console.log(arr);
    for(var i = 0; i < arr.length; i++){
        var digit = arr[i];

        if(digit !== '?'){
            var count = 0;

            for(var j = i + 1; j < arr.length; j++){
            var num2 = arr[j];
               if(num2 === '?'){
                 count++;
               } else if(Number(digit) + Number(num2) === 10){
                   if(count !== 3) {
                     return false;
                   }
                count = 0;
                value = true;
                break;
               }
        }
        }

    }
  return value;
}
   
// keep this function call here 
QuestionsMarks(readline());",10,0,0,1,254,120,0,0,114,15,0,89,10,"'var', 'value''var', 'arr''arr''for(var''var', 'digit''var', 'count''for(var''var', 'num2''count''value'",30,23,3,0,17
69,zestybmac,https://s3-us-west-1.amazonaws.com/coderbyteprofiles/zestybmac.jpg,/profile/zestybmac,Longest Word,Ruby,"def LongestWord(sen)
    words = sen.split("" "").map do |w|
        /[a-zA-Z0-9\s]+/.match(w)
    end
    longest = words.max_by do |w|
        w.to_s.length
    end

  # code goes here
  return longest 
         
end
   
# keep this function call here    
puts LongestWord(STDIN.gets)",10,0,0,2,0,0,0,0,19,2,0,25,7,'words''longest',14,18,6,0,2
70,zestybmac,https://s3-us-west-1.amazonaws.com/coderbyteprofiles/zestybmac.jpg,/profile/zestybmac,First Factorial,Ruby,"def FirstFactorial(num)
    fact = 1
    
    for n in 1..num
    fact *= n
    end
  return fact 
end
   
# keep this function call here    
puts FirstFactorial(STDIN.gets)",10,0,0,1,0,12,0,0,22,2,0,0,24,'fact''fact',11,14,4,0,2
71,zestybmac,https://s3-us-west-1.amazonaws.com/coderbyteprofiles/zestybmac.jpg,/profile/zestybmac,First Reverse,JavaScript,"function FirstReverse(str) { 
 str = str.split('').reverse().join('')
 return str
}
   
// keep this function call here 
FirstReverse(readline());",10,0,0,1,0,0,0,0,52,1,0,0,16,'str',6,22,3,0,1
72,archilolz,https://s3-us-west-1.amazonaws.com/coderbyteprofiles/archilolz.jpg,/profile/archilolz,Min Window Substring,JavaScript,"function MinWindowSubstring(strArr) {
  let objectify = (str) => {
    let obj = {};
    str.split('').forEach((x) => {
      if (x in obj) {
        obj[x]++;
      } else {
        obj[x] = 1;
      }
    });
    return obj;
  };

  let windowContainsChars = (required, container) => {
    for (let key in required) {
      if (container[key] < required[key] || !container[key]) {
        return false;
      }
    }
    return true;
  };

  let subStrs = [];
  for (let i = 0; i < strArr[0].length; i++) {
    for (let j = i + strArr[1].length; j < strArr[0].length + 1; j++) {
      subStrs.push(strArr[0].slice(i, j));
    }
  }

  let sortedStrs = subStrs.sort((x,y) => { return x.length - y.length; });
  let requiredChars = objectify(strArr[1]);

  for (let i = 0; i < sortedStrs.length; i++) {
    let minWindow = objectify(sortedStrs[i]);
    if (windowContainsChars(requiredChars, minWindow)) {
      return sortedStrs[i];
    }
  }
  return false;
}
   
// keep this function call here 
MinWindowSubstring(readline());",10,0,0,1,219,175,0,398,61,19,0,160,-21,"'let', 'objectify''let', 'obj'""str.split('').forEach((x)""'obj[x]''let', 'windowContainsChars''let', 'subStrs''for''for''let', 'sortedStrs''let', 'requiredChars''for''let', 'minWindow'",38,20,5,6,23
73,archilolz,https://s3-us-west-1.amazonaws.com/coderbyteprofiles/archilolz.jpg,/profile/archilolz,Bracket Matcher,JavaScript,"function BracketMatcher(str) { 
	var leftParen =str.match(/[(]/g);
	var rightParen = str.match(/[)]/g);

	if (leftParen !== null && rightParen !== null){
		return (leftParen.length === rightParen.length ) ? 1 : 0;
	}
	else {
		return 1;
	}
}
BracketMatcher(readline());",10,0,0,0,50,0,0,0,28,4,0,49,-14,"'var', 'leftParen''var', 'rightParen'",10,18,6,2,4
74,archilolz,https://s3-us-west-1.amazonaws.com/coderbyteprofiles/archilolz.jpg,/profile/archilolz,Questions Marks,JavaScript,"function areThere3Q(str) {
  var counter = 0;
  for (var i in str) {
    if (str.charAt(i) === '?'){
      counter ++;
    }
  }
  return (counter === 3) ? true : false;
}
function QuestionsMarks(str) {
  var subStrings = [];
  var holder = str.split('').map(function(x){ return parseInt(x) || x });
  
  for (var i = 0; i < holder.length; i++) {
    if (typeof holder[i] === 'number') {
      for (var j = (i+1); j < holder.length; j++) {
        if (holder[i] + holder[j] === 10) {
          var temp = holder.slice(i+1, j);
          subStrings.push(temp.join(''));
        }
      }
    }
  }

  var threeQs = subStrings.filter(function(x) { return areThere3Q(x)});

  return(threeQs.length !== 0) ? true : false;
}
   
// keep this function call here 
QuestionsMarks(readline());",9,0,0,1,84,83,0,0,330,12,0,112,-1,"'var', 'counter''var', 'subStrings''var', 'holder''for''for''var', 'temp''var', 'threeQs'",27,22,4,2,12
75,archilolz,https://s3-us-west-1.amazonaws.com/coderbyteprofiles/archilolz.jpg,/profile/archilolz,Longest Word,JavaScript,"function LongestWord(sen) {
  var words = sen.split(' ');
  var replacedChars = words.map(function(x){ return x.replace(/[^a-zA-Z0-9]/g, '') });

  var longest = replacedChars.sort(function(x,y){ return y.length - x.length; });


  return longest.shift();
}
   
// keep this function call here 
LongestWord(readline());",10,0,0,1,22,0,0,0,347,6,0,77,-42,"'var', 'words''var', 'replacedChars''var', 'longest'",9,24,5,1,6
76,archilolz,https://s3-us-west-1.amazonaws.com/coderbyteprofiles/archilolz.jpg,/profile/archilolz,First Factorial,JavaScript,"function FirstFactorial(num) { 
    var total = 1;
    total *= num;
    if (num === 1) {
        return total;
    } else {
        return total * FirstFactorial(num-1);
    }
}
   
// keep this function call here 
FirstFactorial(readline());",10,0,0,1,24,0,0,0,54,3,0,0,33,"'var', 'total''total'",11,20,4,0,3
77,archilolz,https://s3-us-west-1.amazonaws.com/coderbyteprofiles/archilolz.jpg,/profile/archilolz,First Reverse,JavaScript,"function FirstReverse(str) { 
return str.split('').reverse().join('');      
}
   
// keep this function call here 
FirstReverse(readline());",10,0,0,1,0,0,0,0,52,0,0,0,13,,5,26,0,0,0
78,leonhfr,https://s3-us-west-1.amazonaws.com/coderbyteprofiles/leonhfr.jpg,/profile/leonhfr,Min Window Substring,JavaScript,"// For the input (""aaabaaddae"", ""aed"") your output was incorrect. The correct answer is dae. 
//For the input (""ahffaksfajeeubsne"", ""jefaa"") your output was incorrect. The correct answer is aksfaje. 
//For the input (""aaffsfsfasfasfasfasfasfacasfafe"", ""fafe"") your output was incorrect. The correct answer is fafe. 
//For the input (""cccaabbbbrr"", ""rbac"") your output was incorrect. The correct answer is caabbbbr. 


function MinWindowSubstring(strArr) {
    let N = strArr[0].split('');
    let K = strArr[1].split('');
    let min = [0, N.length];
    for (let i = K.length; i <= N.length; i++) {
        for (let j = 0; j <= N.length; j++) {
            if (containsK(N.slice(j,i+j), K) && i < (min[1] - min[0])) {
                min = [j ,i+j];
            }
        }
    }
    return N.slice(min[0], min[1]).join('');
}

function containsK(subN, K) {
    for (let i = 0; i < K.length; i++) {
        if (!subN.includes(K[i])) {
            return false;
        } else {
            subN.splice(subN.indexOf(K[i]), 1);
        }
    }
    return true;
}

MinWindowSubstring(readline());

/*
function MinWindowSubstring(strArr) {
    let N = strArr[0].split('');
    let K = strArr[1].split('');
    let min = [0, N.length];
    for (let i = 0; i <= N.length-K.length; i++) {
        for (let j = i+K.length; j < N.length && j <= (min[1]-min[0]); j++) {
            if (containsK(N.slice(i,j), K) && (j-i < min[1]-min[0])) {
                min = [i, j];
            }
        }
    }
    return N.slice(min[0], min[1]).join('');
}
*/",10,0,0,52,139,183,0,202,96,15,0,416,-211,"'let', 'N''let', 'K''let', 'min''min''for''let', 'N''let', 'K''let', 'min''min'",43,34,2,0,15
79,leonhfr,https://s3-us-west-1.amazonaws.com/coderbyteprofiles/leonhfr.jpg,/profile/leonhfr,Bracket Matcher,JavaScript,"function BracketMatcher(str) {
    let r = 0;
    let l = 0;
    for (let i = 0; i < str.length; i++) {
        if (str[i] === '(') {
            r++;
        } else if (str[i] === ')') {
            l++;
        }
    }
    return (l === r) ? 1 : 0;
}
// keep this function call here 
BracketMatcher(readline());",10,0,0,1,83,29,0,0,54,5,0,61,-8,"'let', 'r''let', 'l''for'",13,20,2,0,5
80,leonhfr,https://s3-us-west-1.amazonaws.com/coderbyteprofiles/leonhfr.jpg,/profile/leonhfr,Questions Marks,JavaScript,"function QuestionsMarks(str) { 

  let answers = [];
  let numbers = [];
  for (let i =0; i < str.length; i++) {
      if (/[1-9]/.exec(str[i]) !== null) {
          numbers.push([parseInt(str[i]), i]);
      }
  }
  for (let i = 0; i < numbers.length - 1; i++) {
      if (numbers[i][0] + numbers[i+1][0] === 10) {
          if (str.slice(numbers[i][1]+1, numbers[i+1][1]).split('?').length - 1 === 3) {
              answers.push(true);
          } else {
              answers.push(false);
          }
      }
  }
  if (answers.length === 0 || answers.includes(false)) {
      return false;
  } else {
      return true;
  }
}
   
// keep this function call here 
QuestionsMarks(readline());",10,0,0,1,214,64,0,0,54,6,0,151,-64,"'let', 'answers''let', 'numbers''for''for'",25,25,4,0,6
81,leonhfr,https://s3-us-west-1.amazonaws.com/coderbyteprofiles/leonhfr.jpg,/profile/leonhfr,Longest Word,JavaScript,"function LongestWord(sen) { 

  let arr = sen.match(/[a-z0-9]+/gi);
  let sorted = arr.sort(function(a, b){ return b.length - a.length; });
  return sorted[0]; 
         
}
   
// keep this function call here 
LongestWord(readline());",10,0,0,1,0,0,0,0,171,4,0,48,-21,"'let', 'arr''let', 'sorted'",8,23,3,0,4
82,leonhfr,https://s3-us-west-1.amazonaws.com/coderbyteprofiles/leonhfr.jpg,/profile/leonhfr,First Factorial,JavaScript,"function FirstFactorial(num) { 

  let answer = 1;
  for (let index = 1; index <= num; index++) {
      answer *= index;
  }
  return answer; 
         
}
   
// keep this function call here 
FirstFactorial(readline());",10,0,0,1,0,35,0,0,54,3,0,0,31,"'let', 'answer''answer'",10,18,5,0,3
83,leonhfr,https://s3-us-west-1.amazonaws.com/coderbyteprofiles/leonhfr.jpg,/profile/leonhfr,First Reverse,JavaScript,"function FirstReverse(str) { 

  let answer = '';
  for (let index = str.length - 1; index >= 0; index--) {
      answer += str[index];
  }
  return answer;
         
}
   
// keep this function call here 
FirstReverse(readline());",10,-1,0,1,0,44,0,0,52,2,0,44,-11,"'let', 'answer'",10,19,4,0,2
84,bhanson,https://s3-us-west-1.amazonaws.com/coderbyteprofiles/bhanson.jpg,/profile/bhanson,Tree Constructor,JavaScript,"function TreeConstructor(strArr) { 

    // Convert ['(1,2)','(2,4)','(5,7)','(7,2)','(9,5)']
    // format to [[1,2],[2,4],[5,7],[7,2],[9,5]]
    const pairs = strArr.map(str => str.match(/[\\d]+/g).map(Number));

    const nodesWithNoParents = [];
    for (let i = 0; i < pairs.length; i++) {
        if (numChildren(pairs, pairs[i][0]) > 2) {
            return 'false';
        }
        if (numParents(pairs, pairs[i][1]) === 0) {
            nodesWithNoParents.push(pairs[i][1]);
        }
    }

    const uniqueNodesWithNoParents = new Set(nodesWithNoParents);

    if (uniqueNodesWithNoParents.size !== 1) {
        return 'false';
    }
    return 'true';

    function numChildren(pairs, number) {
        let count = 0;
        pairs.forEach(pair => {
            if (pair[1] === number) {
                count++;
            }
        });
        return count;
    }

    function numParents(pairs, number) {
        let count = 0;
        pairs.forEach(pair => {
            if (pair[0] === number) {
                count++;
            }
        });
        return count;
    }
}
   
// keep this function call here 
TreeConstructor(readline());",10,0,0,3,155,114,0,0,125,10,0,149,-34,"'const''const''for''const''let', 'count''pairs.forEach(pair''let', 'count''pairs.forEach(pair'",39,21,4,2,14
85,bhanson,https://s3-us-west-1.amazonaws.com/coderbyteprofiles/bhanson.jpg,/profile/bhanson,Bracket Matcher,JavaScript,"function BracketMatcher(str) { 

    let stack = [];
    let negatives = 0;

    for (let i = 0; i < str.length; i++) {
        if (str[i] === '(') {
            stack.push('(');
        } else if (str[i] === ')') {
            if (stack.pop() === undefined) {
                negatives++;
            }
        }
    }
    
    return (stack.length === 0 && negatives === 0) ? 1 : 0;
}
   
// keep this function call here 
BracketMatcher(readline());",10,0,0,1,111,29,0,0,54,5,0,88,-25,"'let', 'stack''let', 'negatives''for'",17,21,4,0,5
86,bhanson,https://s3-us-west-1.amazonaws.com/coderbyteprofiles/bhanson.jpg,/profile/bhanson,Questions Marks,JavaScript,"function QuestionsMarks(str) { 

    const DIGITS = '0123456789';

    let data = str.split('').filter(val => DIGITS.includes(val) || val === '?');
    
    let oneTrue = false;
    for (let i = 0, between = false, lastNum = 0, qMarks = 0; i < data.length; i++) {
        if (DIGITS.includes(data[i])) {
            // Number
            if (between) {
                // Arrived at digit... see if they add up!
                if (lastNum + parseInt(data[i]) === 10 && qMarks !== 3) {
                    return false;
                }
                if (lastNum + parseInt(data[i]) === 10 && qMarks === 3) {
                    oneTrue = true;  // at least one success
                }
                between = false;
                lastNum = 0;
                qMarks = 0;
            } else {
                lastNum = parseInt(data[i]);
                between = true;
                qMarks = 0;
            }
        } else {
            // Question mark
            qMarks++;
        }
    }
    return oneTrue;
         
}
   
// keep this function call here 
QuestionsMarks(readline());",10,0,0,5,193,63,0,0,54,12,0,210,-78,"'const''data''let', 'oneTrue''for''oneTrue''between''lastNum''qMarks''lastNum''between''qMarks'",34,27,5,6,12
87,bhanson,https://s3-us-west-1.amazonaws.com/coderbyteprofiles/bhanson.jpg,/profile/bhanson,Longest Word,JavaScript,"function LongestWord(sen) {

    let validCharacters = 'abcdefghijklmnopqrstuvwxyzABCDEFGHIJKLMNOPQRSTUVWXYZ0123456789';

    let maxLength = 0;
    let longestWord = '';

    for (let i = 0, length = 0, word = ''; i < sen.length; i++) {
        let c = sen[i];
        if (validCharacters.includes(c)) {
            length++;
            word += c;
        } else {
            length = 0;
            word = '';
        }

        if (length > maxLength) {
            maxLength = length;
            longestWord = word;

        }
    }

  return longestWord;

}
   
// keep this function call here 
LongestWord(readline());",10,0,0,1,65,46,0,0,51,13,0,154,-79,"'let', 'validCharacters''let', 'maxLength''let', 'longestWord''for''let', 'c''length''word''maxLength''longestWord'",23,15,6,5,13
88,bhanson,https://s3-us-west-1.amazonaws.com/coderbyteprofiles/bhanson.jpg,/profile/bhanson,First Factorial,JavaScript,"function FirstFactorial(num) { 

    let factorial = 1; 
    
    for (let i = 1; i <= num; i++) {
        factorial *= i;  
    } 
 
 
  return factorial; 
         
}
   
// keep this function call here 
FirstFactorial(readline());",10,1,0,1,0,23,0,0,54,3,0,0,31,"'let', 'factorial''factorial'",12,15,7,0,3
89,bhanson,https://s3-us-west-1.amazonaws.com/coderbyteprofiles/bhanson.jpg,/profile/bhanson,First Reverse,JavaScript,"function FirstReverse(str) { 

    let newString = '';
    for (let i = str.length-1; i >= 0; i--) {
        newString += str[i];
    }

    return newString;
}
   
// keep this function call here 
FirstReverse(readline());",10,0,0,1,0,32,0,0,52,2,0,32,-1,"'let', 'newString'",9,18,6,1,2
